name,age,city,id
Alice,30,NYC,1
Bob,25,LA,2
Charlie,35,Chicago,3
Diana,28,NYC,4
Eve,22,LA,5
Frank,40,Chicago,6
Grace,33,NYC,7
Henry,27,LA,8
Ivy,31,Chicago,9
Jack,29,NYC,10
Kate,26,LA,11
Leo,38,Chicago,12
Mia,24,NYC,13
Noah,36,LA,14
Olivia,32,Chicago,15
Paul,23,NYC,16
Quinn,39,LA,17
Riley,34,Chicago,18
Sam,21,NYC,19
Tina,37,LA,20
Uma,30,Chicago,21
Victor,25,NYC,22
Wendy,35,LA,23
Xander,28,Chicago,24
Yara,22,NYC,25
Zack,40,LA,26
Amy,33,Chicago,27
Ben,27,NYC,28
Clara,31,LA,29
Dan,29,Chicago,30
Ella,26,NYC,31
Finn,38,LA,32
Gina,24,Chicago,33
Hank,36,NYC,34
Iris,32,LA,35
Jake,23,Chicago,36
Kara,39,NYC,37
Liam,34,LA,38
Maya,21,Chicago,39
Nate,37,NYC,40
Opal,30,LA,41
Pete,25,Chicago,42
Rosa,35,NYC,43
Seth,28,LA,44
Tara,22,Chicago,45
Ugo,40,NYC,46
Vera,33,LA,47
Wade,27,Chicago,48
Xena,31,NYC,49
Yves,29,LA,50
Zoe,26,Chicago,51
Adam,38,NYC,52
Bella,24,LA,53
Cody,36,Chicago,54
Dora,32,NYC,55
Elvis,23,LA,56
Faye,39,Chicago,57
Gabe,34,NYC,58
Holly,21,LA,59
Ivan,37,Chicago,60
June,30,NYC,61
Kurt,25,LA,62
Luna,35,Chicago,63
Max,28,NYC,64
Nina,22,LA,65
Oscar,40,Chicago,66
Pia,33,NYC,67
Rex,27,LA,68
Skye,31,Chicago,69
Tom,29,NYC,70
Ursa,26,LA,71
Vince,38,Chicago,72
Will,24,NYC,73
Xia,36,LA,74
Yuki,32,Chicago,75
Zara,23,NYC,76
Aria,39,LA,77
Blake,34,Chicago,78
Cora,21,NYC,79
Drew,37,LA,80
Elsa,30,Chicago,81
Ford,25,NYC,82
Gwen,35,LA,83
Hugo,28,Chicago,84
Isla,22,NYC,85
Jade,40,LA,86
Kai,33,Chicago,87
Lena,27,NYC,88
Milo,31,LA,89
Nora,29,Chicago,90
Otis,26,NYC,91
Pearl,38,LA,92
Raul,24,Chicago,93
Sage,36,NYC,94
Troy,32,LA,95
Unity,23,Chicago,96
Vance,39,NYC,97
Willa,34,LA,98
Xerxes,21,Chicago,99
Yuki,37,NYC,100
